{
    "Tbv": 0.9475914120077661,
    "Tb_bv": 0.15880810730485492,
    "Tv_bv": 0.010225408283579035
}