{
    "Tbv": 0.9326485847465463,
    "Tb_bv": 0.15458433229748383,
    "Tv_bv": 0.012788384826581772
}